{
  "name": "eztv",
  "language": ["en"],
  "domains": ["eztv.re", "eztv.to"],
  "base_url": "https://eztv.re",
  "search_url_format_episode": {
    "string_format": "/search/%s-s%02de%02d",
    "replacement": [
      "title_lower_dash",
      "season_int",
      "episode_int"
    ]
  },
  "search_url_format_movie": {
    "string_format": "",
    "replacement": [
    ]
  },
  "more_pages_indicator": "",
  "next_page_path" : "",
  "next_page_path_attr": "",
  "links_on_first_page": true,
  "drill_down_path": "",
  "drill_down_path_attr": "",
  "is_torrent": true,
  "is_direct": false,
  "links_container_path": "table.forum_header_border tr.forum_header_border",
  "link_path": "",
  "link_path_attr": "",
  "title_path": "td:eq(1) a[title]",
  "title_path_attr": "title",
  "details_path": "|title_path|",
  "details_path_attr": "",
  "magnet_path": "td:eq(2) a[href]",
  "magnet_path_attr": "href",
  "seeders_path": "td:eq(5)",
  "seeders_path_attr": "",
  "filesize_path": "td:eq(3)",
  "filesize_path_attr": "",
  "quality_path": "|title_path|",
  "quality_path_attr": "",
  "info_path": "|title_path|",
  "info_path_attr": ""
}
