{
  "name": "magnet4you",
  "language": ["en"],
  "domains": ["magnet4you.me"],
  "base_url": "https://magnet4you.me",
  "search_url_format_episode": {
    "string_format": "/search.php?s=%s+S%02dE%02d",
    "replacement": [
      "title",
      "season_int",
      "episode_int"
    ]
  },
  "search_url_format_movie": {
    "string_format": "/search.php?s=%s+%04d",
    "replacement": [
      "title",
      "year_int"
    ]
  },
  "search_url_format_season_pack": {
    "string_format": "/search.php?s=%s",
    "replacement": [
      "title"
    ]
  },
  "more_pages_indicator": "NEXT",
  "next_page_path" : "",
  "next_page_path_attr": "",
  "links_on_first_page": true,
  "drill_down_path": "",
  "drill_down_path_attr": "abs:href",
  "is_torrent": true,
  "is_direct": false,
  "links_container_path": "div.profile1, table.tb4",
  "link_path": "",
  "link_path_attr": "",
  "title_path": "tr td:eq(0) a[href]:eq(1)",
  "title_path_attr": "",
  "details_path": "|title_path|",
  "details_path_attr": "",
  "magnet_path": "tr td:eq(0) a[href]:eq(0)",
  "magnet_path_attr": "href",
  "seeders_path": "tr td:eq(4) span",
  "seeders_path_attr": "",
  "filesize_path": "tr td:eq(2)",
  "filesize_path_attr": "",
  "quality_path": "|title_path|",
  "quality_path_attr": "",
  "info_path": "|title_path|",
  "info_path_attr": ""
}
