{
    "name": "ytsws",
    "language": ["en"],
    "domains": ["yts.ws", "yts.mx", "yts.pm"],
    "base_url": "https://yifyddl.co",
    "search_url_format_episode": {
      "string_format": "",
      "replacement": [
      ]
    },
    "search_url_format_movie": {
      "string_format": "/movie/%s-%04d",
      "replacement": [
        "title_lower_dash",
        "year_int"
      ]
    },
    "more_pages_indicator": "",
    "next_page_path" : "",
    "next_page_path_attr": "",
    "links_on_first_page": true,
    "drill_down_path": "",
    "drill_down_path_attr": "",
    "is_torrent": true,
    "is_direct": false,
    "links_container_path": "a[data-torrent-id]",
    "link_path": "",
    "link_path_attr": "",
    "title_path": "/title",
    "title_path_attr": "",
    "details_path": "|title_path|",
    "details_path_attr": "",
    "magnet_path": "a[href^=magnet]",
    "magnet_path_attr": "href",
    "seeders_path": "",
    "seeders_path_attr": "",
    "filesize_path": "",
    "filesize_path_attr": "",
    "quality_path": "a[href^=magnet]",
    "quality_path_attr": "title",
    "info_path": "|title_path|",
    "info_path_attr": ""
  }
  