{
    "name": "watchserieshd-tv",
    "language": ["en"],
    "domains": ["watchserieshd.tv"],
    "base_url": "https://watchserieshd.tv",
    "search_url_format_episode": {
      "string_format": "/series/%s-season-%d-episode-%d",
      "replacement": [
          "title_lower_dash",
          "season_int",
          "episode_int"
      ]
    },
    "search_url_format_movie": {
      "string_format": "",
      "replacement": [
      ]
    },
    "title_split": {
        "string_format": " - Season %d Episode %d",
        "replacement": [
            "season_int",
            "episode_int"
        ]
    },
    "more_pages_indicator": "",
    "next_page_path" : "",
    "next_page_path_attr": "",
    "links_on_first_page": false,
    "drill_down_path": "div.anime_muti_link li a[data-video]",
    "drill_down_path_attr": "data-video",
    "is_torrent": false,
    "is_direct": true,
    "links_container_path": "script:containsdata(playerInstance)",
    "link_path": "",
    "link_path_attr": "",
    "title_path": "/title",
    "title_path_attr": "",
    "details_path": "|title_path|",
    "details_path_attr": "",
    "magnet_path": "",
    "magnet_path_attr": "",
    "seeders_path": "",
    "seeders_path_attr": "",
    "filesize_path": "",
    "filesize_path_attr": "",
    "quality_path": "|title_path|",
    "quality_path_attr": "",
    "info_path": "|title_path|",
    "info_path_attr": "",
    "link_regex": "file: '(.+?)'",
    "link_ignore": ["http://error.com"]
  }
  